movieId,title
0,Pulp Fiction
1,Raging Bull
2,The Matrix Revolutions
3,Hitler - Eine Karriere
4,Srpski film
5,Vivarium
6,We Were Soldiers
7,Wounds
8,Monk
9,The Thing on the Doorstep
10,Harry Potter and the Deathly Hallows: Part 1
11,Harry Potter and the Half-Blood Prince
12,How to Murder Your Wife
13,The 10th Kingdom
14,The Wizard of Oz
15,Spenser Confidential
16,30 Days of Night: Dark Days
17,6 Underground
18,Alita: Battle Angel
19,Assassination
20,Band of the Hand
21,Burn After Reading
22,Dragged Across Concrete
23,Escape to Athena
24,I Don't Feel at Home in This World Anymore.
25,Jack Ryan
26,Jason and the Argonauts
27,Lonesome Dove
28,Love and Bullets
29,Mr. & Mrs. Smith
30,Rooster Cogburn
31,Shutter Island
32,Skyline
33,The Da Vinci Code
34,The General's Daughter
35,The Heroes of Telemark
36,The Outsider
37,The Pledge
38,To Live and Die in L.A.
39,1917
40, Dracula:
41, The Walking Dead:
42,The Witcher
43, Vikings:
44,A Rainy Day in New York
45,Bloodshot
46,Chernobyl
47,Code 8
48,Countdown
49,Doctor Sleep
50,Freaks
51,Gisaengchung
52,Knives Out
53,Once Upon a Time... in Hollywood
54,Primal
55,Terminator: Dark Fate
56,The Addams Family
57,The Invisible Man
58,The Lighthouse
59,The Outfit
60,A Beautiful Day in the Neighborhood
61,Angel on My Shoulder
62,Honey Boy
63,The Girl Next Door
64,The Passion of the Christ
65,Abigail
66,Birds of Prey: And the Fantabulous Emancipation of One Harley Quinn
67,Bombshell
68,Charlie's Angels
69,Color Out of Space
70,Contagion
71,Dark Light
72,Free Enterprise
73,Fukkatsu no hi
74,Gamgi
75,Gemini Man
76,It Chapter Two
77,Snatchers
78,Sonic the Hedgehog
79,Star Wars: Episode IX - The Rise of Skywalker
80,Starcrash
81,Superman: Red Son
82,The Adventures of Buckaroo Banzai Across the 8th Dimension
83,The Final Level: Escaping Rancala
84,The Report
85,Virus
86,Zombieland: Double Tap
87,Bad Boys for Life
88,Black Panther
89,Chocolat
90,Joker
91,Killshot
92,Person of Interest
93,SM-rechter
94,The Man Who Would Be King
95,Die Another Day
96,Fighting with My Family
97,GoldenEye
98,The World Is Not Enough
99,Tomorrow Never Dies
100,7500
101,Ajeossi
102,Biyeolhan geori
103,Black Moon Rising
104,Chang-gwol
105,Diecisiete
106,Earthquake Bird
107,El hoyo
108,Ford v Ferrari
109,Headshot
110,High Ground
111,Killer Inside: The Mind of Aaron Hernandez
112,La grande classe
113,Life of the Party
114,Locke & Key
115,Mai wei
116,Missing Link
117,Modo Avi茫o
118,Motherless Brooklyn
119,Onward
120,Si c'茅tait de l'amour
121,Siberia
122,The Coldest Game
123,The Laundromat
124,Uncut Gems
125,Anthropocene: The Human Epoch
126,Auf der anderen Seite
127,Besa
128,Cactus Flower
129,Cirkus Columbia
130,Dalida
131,I Feel Pretty
132,Koja je ovo drzava!
133,L'insulte
134,Life of Pi
135,McQueen
136,Mei to Koneko basu
137,Mouchette
138,Pope Francis: A Man of His Word
139,Posoki
140,Red Army
141,Sesame Street: Alphabet Songs
142,Still Life
143,The Bucket List
144,The Call of the Wild
145,The Guard
146,The Petrified Forest
147,U raljama zivota
148,Agents of S.H.I.E.L.D.
149,Arrested Development
150,Arrow
151,Billions
152,Black Mirror
153,Black Sails
154,Chappelle's Show
155,Daredevil
156,Deadwood
157,Entourage
158,Game of Thrones
159,Luther
160,Outlander
161,Peaky Blinders
162,Ray Donovan
163,Reno 911!
164,Shameless
165,Smallville
166,Taboo
167,The Flash
168,The Sopranos
169,The Umbrella Academy
170,Counterpart
171,Magnum P.I.
172,"Roswell, New Mexico"
173,Star Trek: Discovery
174,The John Larroquette Show
175,Tomb Raider
176,What We Left Behind: Looking Back at Deep Space Nine
177,Avenue 5
178,Snowpiercer
179,The Terminal
180,Ant-Man
181,Big Hero 6
182,Birdman or (The Unexpected Virtue of Ignorance)
183,Boyhood
184,Citizenfour
185,Cobain: Montage of Heck
186,Frank
187,Gwoemul
188,Inherent Vice
189,Inside Out
190,Interstellar
191,Lucy
192,Mad Max: Fury Road
193,Nightcrawler
194,Selma
195,Side by Side
196,Still Alice
197,The Hobbit: The Battle of the Five Armies
198,The Imitation Game
199,The Interview
200,The One I Love
201,The Theory of Everything
202,Tusk
203,Whiplash
204,5 Flights Up
205,All the Bright Places
206,American Ninja 2: The Confrontation
207,Anaconda
208,Avengers: Endgame
209,Batman & Robin
210,Dark Angel
211,Dolemite Is My Name
212,Doom: Annihilation
213,Entrapment
214,Halloween: Resurrection
215,Halloween: The Curse of Michael Myers
216,Hex
217,Jason X
218,NBA 2000: Stars for the New Millennium
219,Real Men
220,The Client
221,The Grudge
222,The Irishman
223,The New Kids
224,The Purge
225,The Wolf Hour
226,Trespass
227,Am茅lie
228,Requiem for a Dream
229,Ying xiong
230,Z眉ri Zoo
231,Bloodline
232,Guns Akimbo
233,The Host
234,We Summon the Darkness
235,FernGully: The Last Rainforest
236,Justin Bieber: Never Say Never
237,Schitt's Creek
238,The Being Frank Show
239,Til Debt Do U$ Part
240,Australia
241,District 9
242,Living Universe
243,Occupation
244,The Hurt Locker
245,"Tomorrow, When the War Began"
246,Baywatch
247,Ben-Hur
248,Cold Pursuit
249,Diana
250,Frasier
251,Hidden Figures
252,Hitsville: The Making of Motown
253,Johnny English
254,Johnny English Strikes Again
255,Law & Order: Special Victims Unit
256,Man on a Ledge
257,Mayflower: The Pilgrims' Adventure
258,Mission: Impossible - Fallout
259,Murder on the Orient Express
260,Silence
261,Skin
262,Some People
263,Stan & Ollie
264,That'll Be the Day
265,The Bank Job
266,The Bounty
267,The Personal History of David Copperfield
268,Victoria & Abdul
269,Whitney
270,AJ and the Queen
271,Hatchback
272,Chashme Buddoor
273,Gol Maal
274,Jaane Bhi Do Yaaro
275,Justice League
276,Open Grave
277,Paranormal Activity
278,Pet Sematary
279,Pushpaka Vimana
280,Sholay
281,Standoff
282,Tezaab
283,The Equalizer 2
284,The Game Changers
285,The Most Dangerous Animal of All
286,The Mothman Prophecies
287,The Movies
288,Damnation
289,This Is Not Happening
290,What's Your F@#King Deal?!
291,Halloween II
292,The Roommate
293,The Social Network
294,After Midnight
295,Blood on Her Name
296,Blow the Man Down
297,Camp Cold Brook
298,Clifton Hill
299,Escape from Pretoria
300,Hatsukoi
301,Horse Girl
302,Human Capital
303,Impossible Monsters
304,Swallow
305,Sweet Virginia
306,The Gentlemen
307,The Hunt
308,The Last Thing He Wanted
309,True History of the Kelly Gang
310,Uncle John
311,Underwater
312,Verotika
313,VFW
314,Avatar
315,Scott Pilgrim vs. the World
316,Transformers: Revenge of the Fallen
317,Warrior
318,X: First Class
319,Emma.
320,Little Women
321,Richard Jewell
322,The Art of Racing in the Rain
323,A Million Ways to Die in the West
324,Extremely Loud & Incredibly Close
325,Lost in Space
326,Noah
327,Only God Forgives
328,Solo: A Star Wars Story
329,The November Man
330,The Watch
331,The Way Way Back
332,Wolf Hall
333,Zodiac: Signs of the Apocalypse
334,Hunter Killer
335,Liar
336,Valor
337,Canal Street
338,Captive State
339,Disenchantment
340,Ready Player One
341,The Outsiders
342,Who Is America?
343,12 Years a Slave
344,All Is Lost
345,Dredd
346,Elysium
347,Gravity
348,Messiah
349,Serbuan Maut
350,Take This Waltz
351,The Artist
352,The Dark Knight Rises
353,The Sessions
354,The Sweeney
355,Yi jiu si er
356,Zero: An Investigation Into 9/11
357, Modern Family:
358,A Modern Farewell
359,The Honeymoon Killers
360,Westworld
361,You're Bacon Me Crazy
362,22-nenme no kokuhaku: Watashi ga satsujinhan desu
363,Black Money
364,Danger Close: The Battle of Long Tan
365,Dead End
366,Dead on Arrival
367,Deo ge-im
368,Detour
369,El Topo
370,Escape
371,Escape Room
372,Exfiltr茅s
373,Eyes of Laura Mars
374,I See You
375,Marlina si pembunuh dalam empat babak
376,Marrowbone
377,Mother!
378,NH10
379,Quien a hierro mata
380,The Drop
381,The Gift
382,The Hummingbird Project
383,The Informer
384,The Killing of a Sacred Deer
385,Rocketman
386,68 Whiskey
387,Briarpatch
388,Crash Pad
389,Daybreak
390,For All Mankind
391,Klaus
392,Mythic Quest: Raven's Banquet
393,See
394,The Goldfinch
395,The Leftovers
396,The Mick
397,The Morning Show
398,The Only Living Boy in New York
399,Selling Sunset
400,Vis a vis
401,What If
402,Wu Assassins
403,100 Humans
404,Gypsy
405,Stargate SG-1:
406," Love, Death & Robots:"
407, The Frankenstein Chronicles:
408, The Rookie:
409, Fear the Walking Dead:
410, The Mandalorian:
411,Crazy Rich Asians
412,The Titan
413,Tin Star
414,Arrival
415,"Blood, Sand and Gold"
416,Boyka: Undisputed IV
417,Escape Plan 2: Hades
418,Iron Fist
419,Shooter
420,T-34
421,The Mourning
422,Top Coat Cash
423,We Die Young
424,The Man in the High Castle
425,Timeless
426,Tuntematon sotilas
427,Arctic
428,Busanhaeng
429,Eagle Eye
430,Eli
431,Far from the Madding Crowd
432,Lion
433,Mustang
434,Noelle
435,Pride & Prejudice
436,Shut In
437,Submerged
438,The Perfect Date
439,The Song of Names
440,Togo
441,Twinsters
442,Wonder
443,Portrait de la jeune fille en feu
444,Ghost
445,The Body
446,The Final Wish
447,3rd Rock from the Sun
448,B-Movie: Lust & Sound in West-Berlin 1979-1989
449,Barely Lethal
450,Beforeigners
451,Death at a Funeral
452,Devs
453,I Am Not Okay with This
454,Kingsman: The Golden Circle
455,Kraftidioten
456,Medical Police
457,Mindhunter
458,Spy
459,The Boys
460,The Goop Lab
461,The Interpreter
462,The Loudest Voice
463,The Necessary Death of Charlie Countryman
464,Sons of the Caliphate
465,Paranormal Activity: The Ghost Dimension
466,The Mummy
467,Green Book
468,La dolce vita
469,Separate Tables
470,The Little Foxes
471,A.P. Bio
472,Love Is Blind
473,The English Game
474,Shazam!
475,Eksiteu
476,Gam-si-ja-deul
477,Kkeut-kka-ji-gan-da
478,La Casa de Papel
479,Sum-bakk-og-jil
480,21 Bridges
481,Ad Astra
482,Another Life
483,Castle Rock
484,Deadwood
485,I Kill Giants
486,Nighthawks
487,Riot
488,Rootwood
489,Solomon Kane
490,Star Trek: Picard
491,The Head Hunter
492,The Last Black Man in San Francisco
493,The Salvation
494,Watchmen
495,Wonder Woman
496,Boy
497,Deadpool
498,Death Sentence
499,Drive
500,El Camino: A Breaking Bad Movie
501,Grindhouse
502,Jojo Rabbit
503,Kung Fury
504,Nocturnal Animals
505,Safety Not Guaranteed
506,Salinui chueok
507,Silicon Valley
508,The Fifth Element
509,The Fountainhead
510,The Green Inferno
511,The Road
512,Thor: Ragnarok
513,Yesterday
514,Frozen II
515,Midway
516,A Fall from Grace
517,Abominable
518,Dolittle
519,Fantasy Island
520,Just Mercy
521,My Spy
522,The Gentleman
523,The Rhythm Section
524,The Way Back
525,Trolls World Tour
526,A View to a Kill
527,Alone in the Dark
528,Brazil
529,Casino Royale
530,Downhill
531,Fear and Loathing in Las Vegas
532,For Your Eyes Only
533,Licence to Kill
534,Octopussy
535,Quantum of Solace
536,Rampage
537,Skyfall
538,Spectre
539,The Adventures of Baron Munchausen
540,The Brothers Grimm
541,The Fisher King
542,The Imaginarium of Doctor Parnassus
543,The Living Daylights
544,The Zero Theorem
545,Time Bandits
546,Twelve Monkeys
547,Brahms: The Boy II
548,A Quiet Place
549,American Factory
550,Bird Box
551,Logan Lucky
552,Skyscraper
553,The Ruling Class
554,Wine Country